{"data" : [ 
  {
    "value": "ABEILHAN (34290)"
  },
  {
    "value": "ABLIS (78660)"
  },
  {
    "value": "ABLON SUR SEINE (94480)"
  },
  {
    "value": "ABONDANCE (74360)"
  },
  {
    "value": "ABONDANT (28410)"
  },
  {
    "value": "ACCONS (07160)"
  },
  {
    "value": "ACHERES (78260)"
  },
  {
    "value": "ADAINVILLE (78113)"
  },
  {
    "value": "ADISSAN (34230)"
  },
  {
    "value": "AFFOUX (69170)"
  },
  {
    "value": "AGDE (34300)"
  },
  {
    "value": "AGEN D AVEYRON (12630)"
  },
  {
    "value": "AGNIN (38150)"
  },
  {
    "value": "AIGUES MORTES (30220)"
  },
  {
    "value": "AIGUES VIVES (30670)"
  },
  {
    "value": "AIMARGUES (30470)"
  },
  {
    "value": "AIME (73210)"
  },
  {
    "value": "AIME LA PLAGNE (73210)"
  },
  {
    "value": "AIX EN PROVENCE (13080)"
  },
  {
    "value": "AIX EN PROVENCE (13090)"
  },
  {
    "value": "AIX EN PROVENCE (13100)"
  },
  {
    "value": "AIX EN PROVENCE (13290)"
  },
  {
    "value": "AIX EN PROVENCE (13540)"
  },
  {
    "value": "AIX LES BAINS (73100)"
  },
  {
    "value": "ALBENS (73410)"
  },
  {
    "value": "ALBERTVILLE (73200)"
  },
  {
    "value": "ALENYA (66200)"
  },
  {
    "value": "ALES (30100)"
  },
  {
    "value": "ALFORTVILLE (94140)"
  },
  {
    "value": "ALIGNAN DU VENT (34290)"
  },
  {
    "value": "ALISSAS (07210)"
  },
  {
    "value": "ALLAN (26780)"
  },
  {
    "value": "ALLAUCH (13190)"
  },
  {
    "value": "ALLEINS (13980)"
  },
  {
    "value": "ALLEVARD (38580)"
  },
  {
    "value": "ALLINGES (74200)"
  },
  {
    "value": "ALLONZIER LA CAILLE (74350)"
  },
  {
    "value": "ALLOS (04260)"
  },
  {
    "value": "ALLUYES (28800)"
  },
  {
    "value": "ALTHEN DES PALUDS (84210)"
  },
  {
    "value": "AMBERIEUX D AZERGUES (69480)"
  },
  {
    "value": "AMBILLY (74100)"
  },
  {
    "value": "AMELIE LES BAINS PALALDA (66110)"
  },
  {
    "value": "AMILLY (28300)"
  },
  {
    "value": "AMPLEPUIS (69550)"
  },
  {
    "value": "AMPUIS (69420)"
  },
  {
    "value": "ANCONE (26200)"
  },
  {
    "value": "ANDANCE (07340)"
  },
  {
    "value": "ANDANCETTE (26140)"
  },
  {
    "value": "ANDRESY (78570)"
  },
  {
    "value": "ANDUZE (30140)"
  },
  {
    "value": "ANET (28260)"
  },
  {
    "value": "ANGERVILLE (91670)"
  },
  {
    "value": "ANIANE (34150)"
  },
  {
    "value": "ANNECY (74000)"
  },
  {
    "value": "ANNECY LE VIEUX (74940)"
  },
  {
    "value": "ANNEMASSE (74100)"
  },
  {
    "value": "ANNET SUR MARNE (77410)"
  },
  {
    "value": "ANNEYRON (26140)"
  },
  {
    "value": "ANNONAY (07100)"
  },
  {
    "value": "ANNOT (04240)"
  },
  {
    "value": "ANSE (69480)"
  },
  {
    "value": "ANTONY (92160)"
  },
  {
    "value": "AOSTE (38490)"
  },
  {
    "value": "AOUSTE SUR SYE (26400)"
  },
  {
    "value": "APPRIEU (38140)"
  },
  {
    "value": "APT (84400)"
  },
  {
    "value": "ARAMON (30390)"
  },
  {
    "value": "ARBIN (73800)"
  },
  {
    "value": "ARCUEIL (94110)"
  },
  {
    "value": "ARDOIX (07290)"
  },
  {
    "value": "ARGELES SUR MER (66700)"
  },
  {
    "value": "ARGELIERS (11120)"
  },
  {
    "value": "ARGENTEUIL (95100)"
  },
  {
    "value": "ARLES (13104)"
  },
  {
    "value": "ARLES (13129)"
  },
  {
    "value": "ARLES (13200)"
  },
  {
    "value": "ARLES (13280)"
  },
  {
    "value": "ARNAS (69400)"
  },
  {
    "value": "ARNOUVILLE (95400)"
  },
  {
    "value": "ARPAJON (91290)"
  },
  {
    "value": "ARTAS (38440)"
  },
  {
    "value": "ASNIERES SUR OISE (95270)"
  },
  {
    "value": "ASNIERES SUR SEINE (92600)"
  },
  {
    "value": "ASSIEU (38150)"
  },
  {
    "value": "ATHIS MONS (91200)"
  },
  {
    "value": "AUBAGNE (13400)"
  },
  {
    "value": "AUBAIS (30250)"
  },
  {
    "value": "AUBENAS (07200)"
  },
  {
    "value": "AUBERGENVILLE (78410)"
  },
  {
    "value": "AUBIGNAN (84810)"
  },
  {
    "value": "AUBIN (12110)"
  },
  {
    "value": "AUBORD (30620)"
  },
  {
    "value": "AUMONT AUBRAC (48130)"
  },
  {
    "value": "AUNEAU (28700)"
  },
  {
    "value": "AURIOL (13390)"
  },
  {
    "value": "AUVERS SUR OISE (95430)"
  },
  {
    "value": "AVIGNON (84000)"
  },
  {
    "value": "AVIGNON (84140)"
  },
  {
    "value": "AVON (77210)"
  },
  {
    "value": "BAGNEUX (92220)"
  },
  {
    "value": "BAGNOLS SUR CEZE (30200)"
  },
  {
    "value": "BAILLARGUES (34670)"
  },
  {
    "value": "BAILLEAU LE PIN (28120)"
  },
  {
    "value": "BAILLET EN FRANCE (95560)"
  },
  {
    "value": "BAILLY (78870)"
  },
  {
    "value": "BAILLY ROMAINVILLIERS (77700)"
  },
  {
    "value": "BAIXAS (66390)"
  },
  {
    "value": "BALARUC LES BAINS (34540)"
  },
  {
    "value": "BALARUC LE VIEUX (34540)"
  },
  {
    "value": "BALLANCOURT SUR ESSONNE (91610)"
  },
  {
    "value": "BANYULS SUR MER (66650)"
  },
  {
    "value": "BARAQUEVILLE (12160)"
  },
  {
    "value": "BARBAIRA (11800)"
  },
  {
    "value": "BARBENTANE (13570)"
  },
  {
    "value": "BARBERAZ (73000)"
  },
  {
    "value": "BARBY (73230)"
  },
  {
    "value": "BARCELONNETTE (04400)"
  },
  {
    "value": "BARJAC (30430)"
  },
  {
    "value": "BASSENS (73000)"
  },
  {
    "value": "BEAUCAIRE (30300)"
  },
  {
    "value": "BEAUCHAMP (95250)"
  },
  {
    "value": "BEAUCHASTEL (07800)"
  },
  {
    "value": "BEAUJEU (69430)"
  },
  {
    "value": "BEAUMES DE VENISE (84190)"
  },
  {
    "value": "BEAUMONT (07110)"
  },
  {
    "value": "BEAUMONT (74160)"
  },
  {
    "value": "BEAUMONT LES VALENCE (26760)"
  },
  {
    "value": "BEAUMONT SUR OISE (95260)"
  },
  {
    "value": "BEAUREPAIRE (38270)"
  },
  {
    "value": "BEAUVOISIN (30640)"
  },
  {
    "value": "BEDARIEUX (34600)"
  },
  {
    "value": "BEDARRIDES (84370)"
  },
  {
    "value": "BEDOIN (84410)"
  },
  {
    "value": "BELLEGARDE (30127)"
  },
  {
    "value": "BELLEGARDE POUSSIEU (38270)"
  },
  {
    "value": "BELLEVAUX (74470)"
  },
  {
    "value": "BELLEVILLE (69220)"
  },
  {
    "value": "BELLOY EN FRANCE (95270)"
  },
  {
    "value": "BERCHERES ST GERMAIN (28300)"
  },
  {
    "value": "BERNES SUR OISE (95340)"
  },
  {
    "value": "BERNEX (74500)"
  },
  {
    "value": "BERNIN (38190)"
  },
  {
    "value": "BERNIS (30620)"
  },
  {
    "value": "BERRE L ETANG (13130)"
  },
  {
    "value": "BERRIAC (11000)"
  },
  {
    "value": "BESSAN (34550)"
  },
  {
    "value": "BESSANCOURT (95550)"
  },
  {
    "value": "BESSEGES (30160)"
  },
  {
    "value": "BEYNES (78650)"
  },
  {
    "value": "BEZIERS (34500)"
  },
  {
    "value": "BEZONS (95870)"
  },
  {
    "value": "BEZOUCE (30320)"
  },
  {
    "value": "BIEVRES (91570)"
  },
  {
    "value": "BIOL (38690)"
  },
  {
    "value": "BIZE MINERVOIS (11120)"
  },
  {
    "value": "BOIS COLOMBES (92270)"
  },
  {
    "value": "BOIS D ARCY (78390)"
  },
  {
    "value": "BOISSY SOUS ST YON (91790)"
  },
  {
    "value": "BOISSY ST LEGER (94470)"
  },
  {
    "value": "BOLLENE (84500)"
  },
  {
    "value": "BOMPAS (66430)"
  },
  {
    "value": "BONDOUFLE (91070)"
  },
  {
    "value": "BONNE (74380)"
  },
  {
    "value": "BONNEUIL SUR MARNE (94380)"
  },
  {
    "value": "BONNEVAL (28800)"
  },
  {
    "value": "BONNEVILLE (74130)"
  },
  {
    "value": "BONNIERES SUR SEINE (78270)"
  },
  {
    "value": "BOUC BEL AIR (13320)"
  },
  {
    "value": "BOUGIVAL (78380)"
  },
  {
    "value": "BOUILLARGUES (30230)"
  },
  {
    "value": "BOULIEU LES ANNONAY (07100)"
  },
  {
    "value": "BOULOGNE BILLANCOURT (92100)"
  },
  {
    "value": "BOULOGNE BILLANCOURT (92641)"
  },
  {
    "value": "BOURG DE PEAGE (26300)"
  },
  {
    "value": "BOURG LA REINE (92340)"
  },
  {
    "value": "BOURG LES VALENCE (26500)"
  },
  {
    "value": "BOURGOIN JALLIEU (38300)"
  },
  {
    "value": "BOURG ST ANDEOL (07700)"
  },
  {
    "value": "BOURG ST MAURICE (73700)"
  },
  {
    "value": "BOZEL (73350)"
  },
  {
    "value": "BOZOULS (12340)"
  },
  {
    "value": "BRAM (11150)"
  },
  {
    "value": "BRAY SUR SEINE (77480)"
  },
  {
    "value": "BRETIGNY SUR ORGE (91220)"
  },
  {
    "value": "BREUILLET (91650)"
  },
  {
    "value": "BRIANCON (05100)"
  },
  {
    "value": "BRIDES LES BAINS (73570)"
  },
  {
    "value": "BRIE COMTE ROBERT (77170)"
  },
  {
    "value": "BRIGNAIS (69530)"
  },
  {
    "value": "BRIIS SOUS FORGES (91640)"
  },
  {
    "value": "BRINDAS (69126)"
  },
  {
    "value": "BRON (69500)"
  },
  {
    "value": "BROU (28160)"
  },
  {
    "value": "BRUNOY (91800)"
  },
  {
    "value": "BRUYERES LE CHATEL (91680)"
  },
  {
    "value": "BRY SUR MARNE (94360)"
  },
  {
    "value": "BURES SUR YVETTE (91440)"
  },
  {
    "value": "BUSSY ST GEORGES (77600)"
  },
  {
    "value": "BÉZIERS (34500)"
  },
  {
    "value": "CABESTANY (66330)"
  },
  {
    "value": "CABRIERES D AVIGNON (84220)"
  },
  {
    "value": "CACHAN (94230)"
  },
  {
    "value": "CADENET (84160)"
  },
  {
    "value": "CALUIRE ET CUIRE (69300)"
  },
  {
    "value": "CALVISSON (30420)"
  },
  {
    "value": "CAMARET SUR AIGUES (84850)"
  },
  {
    "value": "CANET (11200)"
  },
  {
    "value": "CANET (34800)"
  },
  {
    "value": "CANET EN ROUSSILLON (66140)"
  },
  {
    "value": "CANOHES (66680)"
  },
  {
    "value": "CAPDENAC GARE (12700)"
  },
  {
    "value": "CAPENDU (11700)"
  },
  {
    "value": "CAPESTANG (34310)"
  },
  {
    "value": "CARCASSONNE (11000)"
  },
  {
    "value": "CARNOUX EN PROVENCE (13470)"
  },
  {
    "value": "CARPENTRAS (84200)"
  },
  {
    "value": "CARRIERES SUR SEINE (78420)"
  },
  {
    "value": "CASSAGNES BEGONHES (12120)"
  },
  {
    "value": "CASSIS (13260)"
  },
  {
    "value": "CASTELNAUDARY (11400)"
  },
  {
    "value": "CASTELNAU LE LEZ (34170)"
  },
  {
    "value": "CASTRIES (34160)"
  },
  {
    "value": "CAUMONT SUR DURANCE (84510)"
  },
  {
    "value": "CAVAILLON (84300)"
  },
  {
    "value": "CAVEIRAC (30820)"
  },
  {
    "value": "CAZOULS LES BEZIERS (34370)"
  },
  {
    "value": "CERET (66400)"
  },
  {
    "value": "CERGY (95000)"
  },
  {
    "value": "CERGY (95800)"
  },
  {
    "value": "CESSENON SUR ORB (34460)"
  },
  {
    "value": "CESSIEU (38110)"
  },
  {
    "value": "CESSON (77240)"
  },
  {
    "value": "CHABEUIL (26120)"
  },
  {
    "value": "CHALLES LES EAUX (73190)"
  },
  {
    "value": "CHAMBERY (73000)"
  },
  {
    "value": "CHAMBOURCY (78240)"
  },
  {
    "value": "CHAMBÉRY (73000)"
  },
  {
    "value": "CHAMONIX MONT BLANC (74400)"
  },
  {
    "value": "CHAMPAGNE AU MONT D OR (69410)"
  },
  {
    "value": "CHAMPHOL (28300)"
  },
  {
    "value": "CHAMPIGNY SUR MARNE (94500)"
  },
  {
    "value": "CHAMPS SUR MARNE (77420)"
  },
  {
    "value": "CHANTELOUP EN BRIE (77600)"
  },
  {
    "value": "CHAPONNAY (69970)"
  },
  {
    "value": "CHAPONOST (69630)"
  },
  {
    "value": "CHARBONNIERES LES BAINS (69260)"
  },
  {
    "value": "CHARENTON LE PONT (94220)"
  },
  {
    "value": "CHARLY (69390)"
  },
  {
    "value": "CHARTRES (28000)"
  },
  {
    "value": "CHASSIEU (69680)"
  },
  {
    "value": "CHATEAU ARNOUX ST AUBAN (04160)"
  },
  {
    "value": "CHATEAU ARNOUX ST AUBAN (04600)"
  },
  {
    "value": "CHATEAUDUN (28200)"
  },
  {
    "value": "CHATEAURENARD (13160)"
  },
  {
    "value": "CHATENAY MALABRY (92290)"
  },
  {
    "value": "CHATILLON (69380)"
  },
  {
    "value": "CHATILLON (92320)"
  },
  {
    "value": "CHATOU (78400)"
  },
  {
    "value": "CHAVANOZ (38230)"
  },
  {
    "value": "CHAVILLE (92370)"
  },
  {
    "value": "CHAZAY D AZERGUES (69380)"
  },
  {
    "value": "CHELLES (77500)"
  },
  {
    "value": "CHENNEVIERES SUR MARNE (94430)"
  },
  {
    "value": "CHEVILLY LARUE (94550)"
  },
  {
    "value": "CHEVREUSE (78460)"
  },
  {
    "value": "CHILLY MAZARIN (91380)"
  },
  {
    "value": "CHOISY LE ROI (94600)"
  },
  {
    "value": "CLAIRA (66530)"
  },
  {
    "value": "CLAMART (92140)"
  },
  {
    "value": "CLAYE SOUILLY (77410)"
  },
  {
    "value": "CLERMONT L'HÉRAULT (34800)"
  },
  {
    "value": "CLERMONT L HERAULT (34800)"
  },
  {
    "value": "CLICHY (92110)"
  },
  {
    "value": "CLUSES (74300)"
  },
  {
    "value": "COGNIN (73160)"
  },
  {
    "value": "COLOMBE (38690)"
  },
  {
    "value": "COLOMBES (92700)"
  },
  {
    "value": "COMBS LA VILLE (77380)"
  },
  {
    "value": "CONDRIEU (69420)"
  },
  {
    "value": "CONFLANS STE HONORINE (78700)"
  },
  {
    "value": "CONNAUX (30330)"
  },
  {
    "value": "CORBAS (69960)"
  },
  {
    "value": "CORBEIL ESSONNES (91100)"
  },
  {
    "value": "CORMEILLES EN PARISIS (95240)"
  },
  {
    "value": "COULOMMIERS (77120)"
  },
  {
    "value": "COUPVRAY (77700)"
  },
  {
    "value": "COURBEVOIE (92400)"
  },
  {
    "value": "COURCOURONNES (91080)"
  },
  {
    "value": "COURSAN (11110)"
  },
  {
    "value": "COURS LA VILLE (69470)"
  },
  {
    "value": "COURTHEZON (84350)"
  },
  {
    "value": "CRAN GEVRIER (74960)"
  },
  {
    "value": "CRAPONNE (69290)"
  },
  {
    "value": "CREMIEU (38460)"
  },
  {
    "value": "CREST (26400)"
  },
  {
    "value": "CRETEIL (94000)"
  },
  {
    "value": "CROLLES (38920)"
  },
  {
    "value": "CROSNE (91560)"
  },
  {
    "value": "CRUSEILLES (74350)"
  },
  {
    "value": "DAMMARIE (28360)"
  },
  {
    "value": "DAMMARIE LES LYS (77190)"
  },
  {
    "value": "DAMMARTIN EN GOELE (77230)"
  },
  {
    "value": "DAMMARTIN EN SERVE (78111)"
  },
  {
    "value": "DAMMARTIN SUR TIGEAUX (77163)"
  },
  {
    "value": "DAMPIERRE EN YVELINES (78720)"
  },
  {
    "value": "DAMPIERRE SUR AVRE (28350)"
  },
  {
    "value": "DAMPMART (77400)"
  },
  {
    "value": "DANCY (28800)"
  },
  {
    "value": "DANGEAU (28160)"
  },
  {
    "value": "DANNEMARIE (78550)"
  },
  {
    "value": "DANNEMOIS (91490)"
  },
  {
    "value": "DARDILLY (69570)"
  },
  {
    "value": "DAVEZIEUX (07430)"
  },
  {
    "value": "DEAUX (30360)"
  },
  {
    "value": "DECAZEVILLE (12300)"
  },
  {
    "value": "DECINES CHARPIEU (69150)"
  },
  {
    "value": "DEMI QUARTIER (74120)"
  },
  {
    "value": "DENICE (69640)"
  },
  {
    "value": "DENONVILLE (28700)"
  },
  {
    "value": "DEUIL LA BARRE (95170)"
  },
  {
    "value": "DEVOLUY (05250)"
  },
  {
    "value": "D HUISON LONGUEVILLE (91590)"
  },
  {
    "value": "DIE (26150)"
  },
  {
    "value": "DIEMOZ (38790)"
  },
  {
    "value": "DIEULEFIT (26220)"
  },
  {
    "value": "DIGNE LES BAINS (04000)"
  },
  {
    "value": "DIGNY (28250)"
  },
  {
    "value": "DINGY EN VUACHE (74520)"
  },
  {
    "value": "DINGY ST CLAIR (74230)"
  },
  {
    "value": "DIONS (30190)"
  },
  {
    "value": "DOLOMIEU (38110)"
  },
  {
    "value": "DOMANCY (74700)"
  },
  {
    "value": "DOMARIN (38300)"
  },
  {
    "value": "DOMENE (38420)"
  },
  {
    "value": "DOMESSARGUES (30350)"
  },
  {
    "value": "DOMESSIN (73330)"
  },
  {
    "value": "DOMMARTIN (69380)"
  },
  {
    "value": "DOMONT (95330)"
  },
  {
    "value": "DONNEMARIE DONTILLY (77520)"
  },
  {
    "value": "DONZERE (26290)"
  },
  {
    "value": "DORMELLES (77130)"
  },
  {
    "value": "DOURDAN (91410)"
  },
  {
    "value": "DOUSSARD (74210)"
  },
  {
    "value": "DOUVAINE (74140)"
  },
  {
    "value": "DOUY (28220)"
  },
  {
    "value": "DRACE (69220)"
  },
  {
    "value": "DRAILLANT (74550)"
  },
  {
    "value": "DRAVEIL (91210)"
  },
  {
    "value": "DREUX (28100)"
  },
  {
    "value": "DROCOURT (78440)"
  },
  {
    "value": "DROUE SUR DROUETTE (28230)"
  },
  {
    "value": "DRUELLE (12510)"
  },
  {
    "value": "DRUMETTAZ CLARAFOND (73420)"
  },
  {
    "value": "DUERNE (69850)"
  },
  {
    "value": "DUINGT (74410)"
  },
  {
    "value": "DUNIERE SUR EYRIEUX (07360)"
  },
  {
    "value": "DURBAN CORBIERES (11360)"
  },
  {
    "value": "DURENQUE (12170)"
  },
  {
    "value": "EAUBONNE (95600)"
  },
  {
    "value": "ECHALAS (69700)"
  },
  {
    "value": "ECHARCON (91540)"
  },
  {
    "value": "ECHIROLLES (38130)"
  },
  {
    "value": "ECHOUBOULAINS (77830)"
  },
  {
    "value": "ECOLE (73630)"
  },
  {
    "value": "ECOUEN (95440)"
  },
  {
    "value": "ECQUEVILLY (78920)"
  },
  {
    "value": "ECUELLES (77250)"
  },
  {
    "value": "ECULLY (69130)"
  },
  {
    "value": "EGAT (66120)"
  },
  {
    "value": "EGLY (91520)"
  },
  {
    "value": "EGREVILLE (77620)"
  },
  {
    "value": "EGUILLES (13510)"
  },
  {
    "value": "ELANCOURT (78990)"
  },
  {
    "value": "ELNE (66200)"
  },
  {
    "value": "EMANCE (78125)"
  },
  {
    "value": "EMBRUN (05200)"
  },
  {
    "value": "EMERAINVILLE (77184)"
  },
  {
    "value": "ENGHIEN LES BAINS (95880)"
  },
  {
    "value": "ENSUES LA REDONNE (13820)"
  },
  {
    "value": "ENTRAIGUES (38740)"
  },
  {
    "value": "ENTRAIGUES SUR LA SORGUE (84320)"
  },
  {
    "value": "ENTRAYGUES SUR TRUYERE (12140)"
  },
  {
    "value": "ENTRECHAUX (84340)"
  },
  {
    "value": "ENTRE DEUX GUIERS (38380)"
  },
  {
    "value": "ENTRELACS (73410)"
  },
  {
    "value": "ENTREMONT (74130)"
  },
  {
    "value": "ENTREMONT LE VIEUX (73670)"
  },
  {
    "value": "ENTREPIERRES (04200)"
  },
  {
    "value": "ENTREVAUX (04320)"
  },
  {
    "value": "ENTREVERNES (74410)"
  },
  {
    "value": "EOLE EN BEAUCE (28150)"
  },
  {
    "value": "EPAGNY (74330)"
  },
  {
    "value": "EPAGNY METZ TESSY (74330)"
  },
  {
    "value": "EPERNON (28230)"
  },
  {
    "value": "EPIERRE (73220)"
  },
  {
    "value": "EPINAY SOUS SENART (91860)"
  },
  {
    "value": "EPINAY SUR ORGE (91360)"
  },
  {
    "value": "EPINOUZE (26210)"
  },
  {
    "value": "EPONE (78680)"
  },
  {
    "value": "ERAGNY SUR OISE (95610)"
  },
  {
    "value": "ERMONT (95120)"
  },
  {
    "value": "EROME (26600)"
  },
  {
    "value": "ESBLY (77450)"
  },
  {
    "value": "ESCALES (11200)"
  },
  {
    "value": "ESCUEILLENS ET ST JUST (11240)"
  },
  {
    "value": "ESPALION (12500)"
  },
  {
    "value": "ESPELUCHE (26780)"
  },
  {
    "value": "ESPERAZA (11260)"
  },
  {
    "value": "ESPIRA DE L AGLY (66600)"
  },
  {
    "value": "ESSERTS BLAY (73540)"
  },
  {
    "value": "ESTAGEL (66310)"
  },
  {
    "value": "ESTAING (12190)"
  },
  {
    "value": "ESTRABLIN (38780)"
  },
  {
    "value": "ETABLES (07300)"
  },
  {
    "value": "ETAMPES (91150)"
  },
  {
    "value": "ETAUX (74800)"
  },
  {
    "value": "ETIOLLES (91450)"
  },
  {
    "value": "ETOILE SUR RHONE (26800)"
  },
  {
    "value": "ETRECHY (91580)"
  },
  {
    "value": "ETREMBIERES (74100)"
  },
  {
    "value": "ETREPILLY (77139)"
  },
  {
    "value": "EURRE (26400)"
  },
  {
    "value": "EVECQUEMONT (78740)"
  },
  {
    "value": "EVERLY (77157)"
  },
  {
    "value": "EVIAN LES BAINS (74500)"
  },
  {
    "value": "EVIRES (74570)"
  },
  {
    "value": "EVRY (91000)"
  },
  {
    "value": "EXCENEVEX (74140)"
  },
  {
    "value": "EYBENS (38320)"
  },
  {
    "value": "EYDOCHE (38690)"
  },
  {
    "value": "EYGALIERES (13810)"
  },
  {
    "value": "EYGLIERS (05600)"
  },
  {
    "value": "EYGUIANS (05300)"
  },
  {
    "value": "EYGUIERES (13430)"
  },
  {
    "value": "EYMEUX (26730)"
  },
  {
    "value": "EYRAGUES (13630)"
  },
  {
    "value": "EYZIN PINET (38780)"
  },
  {
    "value": "EZANVILLE (95460)"
  },
  {
    "value": "FA (11260)"
  },
  {
    "value": "FABREGUES (34690)"
  },
  {
    "value": "FABREZAN (11200)"
  },
  {
    "value": "FANJEAUX (11270)"
  },
  {
    "value": "FARAMANS (38260)"
  },
  {
    "value": "FAREMOUTIERS (77515)"
  },
  {
    "value": "FAUCIGNY (74130)"
  },
  {
    "value": "FAUGERES (34600)"
  },
  {
    "value": "FAVERGES (74210)"
  },
  {
    "value": "FAVERGES DE LA TOUR (38110)"
  },
  {
    "value": "FAVERGES SEYTHENEX (74210)"
  },
  {
    "value": "FAVEROLLES (28210)"
  },
  {
    "value": "FAVIERES (28170)"
  },
  {
    "value": "FAVRIEUX (78200)"
  },
  {
    "value": "FEIGERES (74160)"
  },
  {
    "value": "FEISSONS SUR ISERE (73260)"
  },
  {
    "value": "FEISSONS SUR SALINS (73350)"
  },
  {
    "value": "FELINES (07340)"
  },
  {
    "value": "FEROLLES ATTILLY (77150)"
  },
  {
    "value": "FERRALS LES CORBIERES (11200)"
  },
  {
    "value": "FERRIERES EN BRIE (77164)"
  },
  {
    "value": "FETERNES (74500)"
  },
  {
    "value": "FEUCHEROLLES (78810)"
  },
  {
    "value": "FEYZIN (69320)"
  },
  {
    "value": "FILLINGES (74250)"
  },
  {
    "value": "FIRMI (12300)"
  },
  {
    "value": "FITOU (11510)"
  },
  {
    "value": "FLACHERES (38690)"
  },
  {
    "value": "FLAGNAC (12300)"
  },
  {
    "value": "FLAGY (77940)"
  },
  {
    "value": "FLAVIAC (07000)"
  },
  {
    "value": "FLAVIN (12450)"
  },
  {
    "value": "FLEURIE (69820)"
  },
  {
    "value": "FLEURIEU SUR SAONE (69250)"
  },
  {
    "value": "FLEURIEUX SUR L ARBRESLE (69210)"
  },
  {
    "value": "FLEURY D AUDE (11560)"
  },
  {
    "value": "FLEURY EN BIERE (77930)"
  },
  {
    "value": "FLINS SUR SEINE (78410)"
  },
  {
    "value": "FLORAC (48400)"
  },
  {
    "value": "FLORAC TROIS RIVIERES (48400)"
  },
  {
    "value": "FLORENSAC (34510)"
  },
  {
    "value": "FLUMET (73590)"
  },
  {
    "value": "FOISSAC (12260)"
  },
  {
    "value": "FOLLAINVILLE DENNEMONT (78520)"
  },
  {
    "value": "FONS (07200)"
  },
  {
    "value": "FONS (30730)"
  },
  {
    "value": "FONTAINE (38600)"
  },
  {
    "value": "FONTAINEBLEAU (77300)"
  },
  {
    "value": "FONTAINE DE VAUCLUSE (84800)"
  },
  {
    "value": "FONTAINE LA GUYON (28190)"
  },
  {
    "value": "FONTAINE LES LUXEUIL (70800)"
  },
  {
    "value": "FONTAINES ST MARTIN (69270)"
  },
  {
    "value": "FONTAINES SUR SAONE (69270)"
  },
  {
    "value": "FONTANES (30250)"
  },
  {
    "value": "FONTANES (34270)"
  },
  {
    "value": "FONTANIL CORNILLON (38120)"
  },
  {
    "value": "FONTCOUVERTE (11700)"
  },
  {
    "value": "FONTCOUVERTE LA TOUSSUIRE (73300)"
  },
  {
    "value": "FONTENAILLES (77370)"
  },
  {
    "value": "FONTENAY AUX ROSES (92260)"
  },
  {
    "value": "FONTENAY LE FLEURY (78330)"
  },
  {
    "value": "FONTENAY LES BRIIS (91640)"
  },
  {
    "value": "FONTENAY SOUS BOIS (94120)"
  },
  {
    "value": "FONTENAY SOUS BOIS (94725)"
  },
  {
    "value": "FONTENAY SUR EURE (28630)"
  },
  {
    "value": "FONTENAY TRESIGNY (77610)"
  },
  {
    "value": "FONTES (34320)"
  },
  {
    "value": "FONTIERS CABARDES (11390)"
  },
  {
    "value": "FONT ROMEU ODEILLO VIA (66120)"
  },
  {
    "value": "FONTVIEILLE (13990)"
  },
  {
    "value": "FONTÈS (34320)"
  },
  {
    "value": "FORCALQUIER (04300)"
  },
  {
    "value": "FORGES LES BAINS (91470)"
  },
  {
    "value": "FOSSES (95470)"
  },
  {
    "value": "FOS SUR MER (13270)"
  },
  {
    "value": "FOUR (38080)"
  },
  {
    "value": "FOURNEAUX (73500)"
  },
  {
    "value": "FOURNELS (48310)"
  },
  {
    "value": "FOURNES (30210)"
  },
  {
    "value": "FOURQUES (30300)"
  },
  {
    "value": "FOURQUES (66300)"
  },
  {
    "value": "FOURQUEUX (78112)"
  },
  {
    "value": "FRAISSE CABARDES (11600)"
  },
  {
    "value": "FRANCHEVILLE (69340)"
  },
  {
    "value": "FRANCIN (73800)"
  },
  {
    "value": "FRANCONVILLE LA GARENNE (95130)"
  },
  {
    "value": "FRANGY (74270)"
  },
  {
    "value": "FRENEUSE (78840)"
  },
  {
    "value": "FRENEY (73500)"
  },
  {
    "value": "FREPILLON (95740)"
  },
  {
    "value": "FRESNES (94260)"
  },
  {
    "value": "FRETIGNY (28480)"
  },
  {
    "value": "FROGES (38190)"
  },
  {
    "value": "FRONTENEX (73460)"
  },
  {
    "value": "FRONTIGNAN (34110)"
  },
  {
    "value": "FRONTONAS (38290)"
  },
  {
    "value": "FROUARD (54390)"
  },
  {
    "value": "FUBLAINES (77470)"
  },
  {
    "value": "FUVEAU (13710)"
  },
  {
    "value": "GABIAN (34320)"
  },
  {
    "value": "GAILLARD (74240)"
  },
  {
    "value": "GAILLON SUR MONTCIENT (78250)"
  },
  {
    "value": "GALLARDON (28320)"
  },
  {
    "value": "GALLARGUES LE MONTUEUX (30660)"
  },
  {
    "value": "GALLUIS (78490)"
  },
  {
    "value": "GAMBAIS (78950)"
  },
  {
    "value": "GANGES (34190)"
  },
  {
    "value": "GAP (05000)"
  },
  {
    "value": "GARANCIERES (78890)"
  },
  {
    "value": "GARCHES (92380)"
  },
  {
    "value": "GARDANNE (13120)"
  },
  {
    "value": "GARGAS (84400)"
  },
  {
    "value": "GARGENVILLE (78440)"
  },
  {
    "value": "GARGES LES GONESSE (95140)"
  },
  {
    "value": "GARNAY (28500)"
  },
  {
    "value": "GARONS (30128)"
  },
  {
    "value": "GARRIGUES STE EULALIE (30190)"
  },
  {
    "value": "GAUJAC (30330)"
  },
  {
    "value": "GAZERAN (78125)"
  },
  {
    "value": "GEMENOS (13420)"
  },
  {
    "value": "GENAINVILLE (95420)"
  },
  {
    "value": "GENAS (69740)"
  },
  {
    "value": "GENAY (69730)"
  },
  {
    "value": "GENERAC (30510)"
  },
  {
    "value": "GENISSIEUX (26750)"
  },
  {
    "value": "GENNEVILLIERS (92230)"
  },
  {
    "value": "GENOLHAC (30450)"
  },
  {
    "value": "GENTILLY (94250)"
  },
  {
    "value": "GERMAINVILLE (28500)"
  },
  {
    "value": "GERMIGNY L EVEQUE (77910)"
  },
  {
    "value": "GIERES (38610)"
  },
  {
    "value": "GIF SUR YVETTE (91190)"
  },
  {
    "value": "GIGEAN (34770)"
  },
  {
    "value": "GIGNAC (34150)"
  },
  {
    "value": "GIGNAC LA NERTHE (13180)"
  },
  {
    "value": "GIGONDAS (84190)"
  },
  {
    "value": "GILLONNAY (38260)"
  },
  {
    "value": "GILLY SUR ISERE (73200)"
  },
  {
    "value": "GINESTAS (11120)"
  },
  {
    "value": "GIRONVILLE SUR ESSONNE (91720)"
  },
  {
    "value": "GIVORS (69700)"
  },
  {
    "value": "GLEIZE (69400)"
  },
  {
    "value": "GLUN (07300)"
  },
  {
    "value": "GOMETZ LA VILLE (91400)"
  },
  {
    "value": "GOMETZ LE CHATEL (91940)"
  },
  {
    "value": "GONCELIN (38570)"
  },
  {
    "value": "GONESSE (95500)"
  },
  {
    "value": "GORDES (84220)"
  },
  {
    "value": "GOUAIX (77114)"
  },
  {
    "value": "GOUDARGUES (30630)"
  },
  {
    "value": "GOUILLONS (28310)"
  },
  {
    "value": "GOULT (84220)"
  },
  {
    "value": "GOUSSAINVILLE (28410)"
  },
  {
    "value": "GOUSSAINVILLE (95190)"
  },
  {
    "value": "GRABELS (34790)"
  },
  {
    "value": "GRAISSESSAC (34260)"
  },
  {
    "value": "GRAMAZIE (11240)"
  },
  {
    "value": "GRAMBOIS (84240)"
  },
  {
    "value": "GRANDCHAMP (78113)"
  },
  {
    "value": "GRANDRIEU (48600)"
  },
  {
    "value": "GRANDRIS (69870)"
  },
  {
    "value": "GRAND VABRE (12320)"
  },
  {
    "value": "GRANE (26400)"
  },
  {
    "value": "GRANGES LES BEAUMONT (26600)"
  },
  {
    "value": "GRANS (13450)"
  },
  {
    "value": "GRAU D'AGDE (34300)"
  },
  {
    "value": "GRAVESON (13690)"
  },
  {
    "value": "GREASQUE (13850)"
  },
  {
    "value": "GRENAY (38540)"
  },
  {
    "value": "GRENOBLE (38000)"
  },
  {
    "value": "GRENOBLE (38100)"
  },
  {
    "value": "GREOUX LES BAINS (04800)"
  },
  {
    "value": "GRESSE EN VERCORS (38650)"
  },
  {
    "value": "GRESY SUR AIX (73100)"
  },
  {
    "value": "GRESY SUR ISERE (73460)"
  },
  {
    "value": "GRETZ ARMAINVILLIERS (77220)"
  },
  {
    "value": "GREZIEU LA VARENNE (69290)"
  },
  {
    "value": "GREZIEU LE MARCHE (69610)"
  },
  {
    "value": "GREZ SUR LOING (77880)"
  },
  {
    "value": "GRIGNAN (26230)"
  },
  {
    "value": "GRIGNON (73200)"
  },
  {
    "value": "GRIGNY (69520)"
  },
  {
    "value": "GRIGNY (91350)"
  },
  {
    "value": "GRILLON (84600)"
  },
  {
    "value": "GRISY LES PLATRES (95810)"
  },
  {
    "value": "GRISY SUISNES (77166)"
  },
  {
    "value": "GROISY (74570)"
  },
  {
    "value": "GROSLAY (95410)"
  },
  {
    "value": "GRUFFY (74540)"
  },
  {
    "value": "GRUISSAN (11430)"
  },
  {
    "value": "GUERMANTES (77600)"
  },
  {
    "value": "GUERNES (78520)"
  },
  {
    "value": "GUERVILLE (78930)"
  },
  {
    "value": "GUIBEVILLE (91630)"
  },
  {
    "value": "GUIGNES (77390)"
  },
  {
    "value": "GUIGNEVILLE SUR ESSONNE (91590)"
  },
  {
    "value": "GUILHERAND GRANGES (07500)"
  },
  {
    "value": "GUILLESTRE (05600)"
  },
  {
    "value": "GUYANCOURT (78280)"
  },
  {
    "value": "HABERE LULLIN (74420)"
  },
  {
    "value": "HABERE POCHE (74420)"
  },
  {
    "value": "HANCHES (28130)"
  },
  {
    "value": "HARAVILLIERS (95640)"
  },
  {
    "value": "HARDRICOURT (78250)"
  },
  {
    "value": "HAUTELUCE (73620)"
  },
  {
    "value": "HAUTERIVES (26390)"
  },
  {
    "value": "HAUTE RIVOIRE (69610)"
  },
  {
    "value": "HAUTEVILLE SUR FIER (74150)"
  },
  {
    "value": "HERBEYS (38320)"
  },
  {
    "value": "HERBLAY (95220)"
  },
  {
    "value": "HEREPIAN (34600)"
  },
  {
    "value": "HERICY (77850)"
  },
  {
    "value": "HERMILLON (73300)"
  },
  {
    "value": "HEROUVILLE (95300)"
  },
  {
    "value": "HERY SUR ALBY (74540)"
  },
  {
    "value": "HEYRIEUX (38540)"
  },
  {
    "value": "HIERES SUR AMBY (38118)"
  },
  {
    "value": "HOMPS (11200)"
  },
  {
    "value": "HOSTUN (26730)"
  },
  {
    "value": "HOUDAN (78550)"
  },
  {
    "value": "HOUILLES (78800)"
  },
  {
    "value": "HUEZ (38750)"
  },
  {
    "value": "IGNY (91430)"
  },
  {
    "value": "ILLE SUR TET (66130)"
  },
  {
    "value": "ILLIERS COMBRAY (28120)"
  },
  {
    "value": "IRIGNY (69540)"
  },
  {
    "value": "ISLES LES MELDEUSES (77440)"
  },
  {
    "value": "ISPAGNAC (48320)"
  },
  {
    "value": "ISSEL (11400)"
  },
  {
    "value": "ISSOU (78440)"
  },
  {
    "value": "ISSY LES MOULINEAUX (92130)"
  },
  {
    "value": "ISTRES (13118)"
  },
  {
    "value": "ISTRES (13800)"
  },
  {
    "value": "ITTEVILLE (91760)"
  },
  {
    "value": "IVERNY (77165)"
  },
  {
    "value": "IVRY SUR SEINE (94200)"
  },
  {
    "value": "IZEAUX (38140)"
  },
  {
    "value": "JACOB BELLECOMBETTE (73000)"
  },
  {
    "value": "JACOU (34830)"
  },
  {
    "value": "JAILLANS (26300)"
  },
  {
    "value": "JALLANS (28200)"
  },
  {
    "value": "JAMBVILLE (78440)"
  },
  {
    "value": "JANNEYRIAS (38280)"
  },
  {
    "value": "JANVILLE (28310)"
  },
  {
    "value": "JANVILLE SUR JUINE (91510)"
  },
  {
    "value": "JANVRY (91640)"
  },
  {
    "value": "JARCIEU (38270)"
  },
  {
    "value": "JARDIN (38200)"
  },
  {
    "value": "JARNIOUX (69640)"
  },
  {
    "value": "JARRIE (38560)"
  },
  {
    "value": "JAUDRAIS (28250)"
  },
  {
    "value": "JAUJAC (07380)"
  },
  {
    "value": "JAUSIERS (04850)"
  },
  {
    "value": "JOINVILLE LE PONT (94340)"
  },
  {
    "value": "JONAGE (69330)"
  },
  {
    "value": "JONGIEUX (73170)"
  },
  {
    "value": "JONQUERETTES (84450)"
  },
  {
    "value": "JONQUIERES (84150)"
  },
  {
    "value": "JONQUIERES ST VINCENT (30300)"
  },
  {
    "value": "JONS (69330)"
  },
  {
    "value": "JONZIER EPAGNY (74520)"
  },
  {
    "value": "JOUARRE (77640)"
  },
  {
    "value": "JOUARS PONTCHARTRAIN (78760)"
  },
  {
    "value": "JOUQUES (13490)"
  },
  {
    "value": "JOUX (69170)"
  },
  {
    "value": "JOUY (28300)"
  },
  {
    "value": "JOUY EN JOSAS (78350)"
  },
  {
    "value": "JOUY LE MOUTIER (95280)"
  },
  {
    "value": "JOUY SUR MORIN (77320)"
  },
  {
    "value": "JOYEUSE (07260)"
  },
  {
    "value": "JUILLY (77230)"
  },
  {
    "value": "JULIENAS (69840)"
  },
  {
    "value": "JUMEAUVILLE (78580)"
  },
  {
    "value": "JUNAS (30250)"
  },
  {
    "value": "JUVIGNAC (34990)"
  },
  {
    "value": "JUVISY SUR ORGE (91260)"
  },
  {
    "value": "JUZIERS (78820)"
  },
  
  
  
  
  
{ "value" : "Kergrist Moelou (22110)"},
{ "value" : "Kermoroc'h (22140)"},
{ "value" : "Kertugal (22410)"},
{ "value" : "Kermaria Sulard (22450)"},
{ "value" : "Kerien (22480)"},
{ "value" : "Kerpert (22480)"},
{ "value" : "Kerfot (22500)"},
{ "value" : "Kerbors (22610)"},
{ "value" : "Kerlaz (29100)"},
{ "value" : "Kernilis (29260)"},
{ "value" : "Kernoues (29260)"},
{ "value" : "Kergloff (29270)"},
{ "value" : "Kerfany les Pins (29350)"},
{ "value" : "Kersaint Plabennec (29860)"},
{ "value" : "Kerlouan (29890)"},
{ "value" : "Koeur la Grande (55300)"},
{ "value" : "Koeur la Petite (55300)"},
{ "value" : "Kergrist (56300)"},
{ "value" : "Kernascleden (56540)"},
{ "value" : "Kervignac (56700)"},
{ "value" : "Kerfourn (56920)"},
{ "value" : "Koeking (57100)"},
{ "value" : "Koenigsmacker (57110)"},
{ "value" : "Kuntzig (57110)"},
{ "value" : "Knutange (57240)"},
{ "value" : "Kerprich les Dieuze (57260)"},
{ "value" : "Kanfen (57330)"},
{ "value" : "Kalhausen (57412)"},
{ "value" : "Kappelkinger (57430)"},
{ "value" : "Kirviller (57430)"	},
{ "value" : "Kerbach (57460)"},
{ "value" : "Kerling les Sierck (57480)"},
{ "value" : "Kirsch les Sierck (57480)"},
{ "value" : "Kirschnaumen (57480)"},
{ "value" : "Kerprich aux Bois (57830)"},
{ "value" : "Kedange sur Canner (57920)"},
{ "value" : "Kemplich (57920)"},
{ "value" : "Killem (59122)"},
{ "value" : "Kolbsheim (67120)"},
{ "value" : "Krafft (67150)"},
{ "value" : "Krautwiller (67170)"},
{ "value" : "Kriegsheim (67170)"},
{ "value" : "Kertzfeld (67230)"},
{ "value" : "Kogenheim (67230)"},
{ "value" : "Kaltenhouse (67240)"},
{ "value" : "Kurtzenhouse (67240)"},
{ "value" : "Keffenach (67250)"},
{ "value" : "Kutzenhausen (67250)"},
{ "value" : "Keskastel (67260)"},
{ "value" : "Kienheim (67270)"},
{ "value" : "Knoersheim (67310)"},
{ "value" : "Kirrberg (67320)"},
{ "value" : "Kirrwiller (67330)"},
{ "value" : "Kindwiller (67350)"},
{ "value" : "Kleinfrankenheim (67370)"},
{ "value" : "Kleingoeft (67440)"},
{ "value" : "Kauffenheim (67480)"},
{ "value" : "Kirchheim (67520)"},
{ "value" : "Kuttolsheim (67520)"},
{ "value" : "Klingenthal (67530)"},
{ "value" : "Kintzheim (67600)"},
{ "value" : "Kuhlendorf (67660)"},
{ "value" : "Kilstett (67840)"},
{ "value" : "Krautergersheim (67880)"},
{ "value" : "Kesseldorf (67930)"},
{ "value" : "Knoeringue (68220)"},
{ "value" : "Katzenthal (68230)"},
{ "value" : "Kaysersberg (68240)"},
{ "value" : "Kientzheim (68240)"},
{ "value" : "Kingersheim (68260)"},
{ "value" : "Kirchberg (68290)"},
{ "value" : "Kunheim (68320)"},
{ "value" : "Kiffis (68480)"},
{ "value" : "Koestlach (68480)"},
{ "value" : "Kappelen (68510)"},
{ "value" : "Koetzingue (68510)"},
{ "value" : "Kembs (68680)"},
{ "value" : "Kruth (68820)"},
{ "value" : "Kangani (97600)"},
{ "value" : "Koungou (97600)"},
{ "value" : "Kavani (97600)"},
{ "value" : "Kavani (97600)"},
{ "value" : "Kavani (97600)"},
{ "value" : "Kani Keli (97600)"},
{ "value" : "Kani Be (97625)"},
{ "value" : "Kahani (97670)"},
{ "value" : "Kaala Gomen (98817)"},
{ "value" : "Kouaoua (98818)"},
{ "value" : "Koumac (98850)"},
{ "value" : "Kone (98860)"},
  
  {
    "value": "LA BALME DE SILLINGY (74330)"
  },
  {
    "value": "LA CELLE ST CLOUD (78170)"
  },
  {
    "value": "LA CIOTAT (13600)"
  },
  {
    "value": "LA COTE ST ANDRE (38260)"
  },
  {
    "value": "LA FARE LES OLIVIERS (13580)"
  },
  {
    "value": "LA FERTE ALAIS (91590)"
  },
  {
    "value": "LA FERTE SOUS JOUARRE (77260)"
  },
  {
    "value": "LA GARENNE COLOMBES (92250)"
  },
  {
    "value": "LAGNY SUR MARNE (77400)"
  },
  {
    "value": "LA GRANDE MOTTE (34280)"
  },
  {
    "value": "LALEVADE D ARDECHE (07380)"
  },
  {
    "value": "LA MOTTE SERVOLEX (73290)"
  },
  {
    "value": "LA MURE D ISERE (38350)"
  },
  {
    "value": "LANCON PROVENCE (13680)"
  },
  {
    "value": "LA QUEUE EN BRIE (94510)"
  },
  {
    "value": "LA RAVOIRE (73490)"
  },
  {
    "value": "L ARBRESLE (69210)"
  },
  {
    "value": "LARDY (91510)"
  },
  {
    "value": "LA ROCHE SUR FORON (74800)"
  },
  {
    "value": "LA ROCHETTE (73110)"
  },
  {
    "value": "LA ROCHETTE (77000)"
  },
  {
    "value": "LA TOUR D AIGUES (84240)"
  },
  {
    "value": "LA TOUR DU PIN (38110)"
  },
  {
    "value": "LATTES (34970)"
  },
  {
    "value": "LA VERPILLIERE (38290)"
  },
  {
    "value": "LA VILLE DU BOIS (91620)"
  },
  {
    "value": "LA VOULTE SUR RHONE (07800)"
  },
  {
    "value": "LE BARCARES (66420)"
  },
  {
    "value": "LE BOULOU (66160)"
  },
  {
    "value": "LE CHESNAY (78150)"
  },
  {
    "value": "LE CHEYLARD (07160)"
  },
  {
    "value": "LE COUDRAY MONTCEAUX (91830)"
  },
  {
    "value": "LE CRES (34920)"
  },
  {
    "value": "LE GRAU DU ROI (30240)"
  },
  {
    "value": "LE KREMLIN BICETRE (94270)"
  },
  {
    "value": "LE MEE SUR SEINE (77350)"
  },
  {
    "value": "LE MESNIL ST DENIS (78320)"
  },
  {
    "value": "LENTILLY (69210)"
  },
  {
    "value": "LE PEAGE DE ROUSSILLON (38550)"
  },
  {
    "value": "LE PECQ (78230)"
  },
  {
    "value": "LE PERRAY EN YVELINES (78610)"
  },
  {
    "value": "LE PERREUX SUR MARNE (94170)"
  },
  {
    "value": "LE PLESSIS ROBINSON (92350)"
  },
  {
    "value": "LE PLESSIS TREVISE (94420)"
  },
  {
    "value": "LE PONT DE BEAUVOISIN (38480)"
  },
  {
    "value": "LE PONT DE BEAUVOISIN (73330)"
  },
  {
    "value": "LE PONT DE CLAIX (38800)"
  },
  {
    "value": "LE PONTET (84130)"
  },
  {
    "value": "LES ANGLES (30133)"
  },
  {
    "value": "LES ANGLES (66210)"
  },
  {
    "value": "LES CLAYES SOUS BOIS (78340)"
  },
  {
    "value": "LES ESSARTS LE ROI (78690)"
  },
  {
    "value": "LESIGNY (77150)"
  },
  {
    "value": "LES MUREAUX (78130)"
  },
  {
    "value": "LE SOLER (66270)"
  },
  {
    "value": "LES PENNES MIRABEAU (13170)"
  },
  {
    "value": "LES ULIS (91940)"
  },
  {
    "value": "LES VANS (07140)"
  },
  {
    "value": "LE TEIL (07400)"
  },
  {
    "value": "LE THOR (84250)"
  },
  {
    "value": "LEUCATE (11370)"
  },
  {
    "value": "LEVALLOIS PERRET (92300)"
  },
  {
    "value": "LE VESINET (78110)"
  },
  {
    "value": "LE VIGAN (30120)"
  },
  {
    "value": "LEZIGNAN CORBIERES (11200)"
  },
  {
    "value": "L HAY LES ROSES (94240)"
  },
  {
    "value": "LIEUSAINT (77127)"
  },
  {
    "value": "LIEUSAINT (77566)"
  },
  {
    "value": "LIMAY (78520)"
  },
  {
    "value": "LIMEIL BREVANNES (94450)"
  },
  {
    "value": "LIMOUX (11300)"
  },
  {
    "value": "L ISLE ADAM (95290)"
  },
  {
    "value": "L ISLE D ABEAU (38080)"
  },
  {
    "value": "L ISLE SUR LA SORGUE (84800)"
  },
  {
    "value": "LIVRON SUR DROME (26250)"
  },
  {
    "value": "LODEVE (34700)"
  },
  {
    "value": "LODÈVE (34700)"
  },
  {
    "value": "LONGJUMEAU (91160)"
  },
  {
    "value": "LORIOL SUR DROME (26270)"
  },
  {
    "value": "LOZANNE (69380)"
  },
  {
    "value": "LUC (48250)"
  },
  {
    "value": "LUCE (28110)"
  },
  {
    "value": "LUC LA PRIMAUBE (12450)"
  },
  {
    "value": "LUISANT (28600)"
  },
  {
    "value": "LUNEL (34400)"
  },
  {
    "value": "LUNEL VIEL (34400)"
  },
  {
    "value": "LUZARCHES (95270)"
  },
  {
    "value": "LYON (69001)"
  },
  {
    "value": "LYON (69002)"
  },
  {
    "value": "LYON (69003)"
  },
  {
    "value": "LYON (69004)"
  },
  {
    "value": "LYON (69005)"
  },
  {
    "value": "LYON (69006)"
  },
  {
    "value": "LYON (69007)"
  },
  {
    "value": "LYON (69008)"
  },
  {
    "value": "LYON (69009)"
  },
  {
    "value": "LYON (69203)"
  },
  {
    "value": "LYON (69291)"
  },
  {
    "value": "LYON (69337)"
  },
  {
    "value": "LYON (69431)"
  },  
  {
    "value": "MAGALAS (34480)"
  },
  {
    "value": "MAGNY EN VEXIN (95420)"
  },
  {
    "value": "MAGNY LE HONGRE (77700)"
  },
  {
    "value": "MAGNY LES HAMEAUX (78114)"
  },
  {
    "value": "MAINTENON (28130)"
  },
  {
    "value": "MAINVILLIERS (28300)"
  },
  {
    "value": "MAISONS ALFORT (94700)"
  },
  {
    "value": "MAISONS LAFFITTE (78600)"
  },
  {
    "value": "MALAKOFF (92240)"
  },
  {
    "value": "MANDUEL (30129)"
  },
  {
    "value": "MANOSQUE (04100)"
  },
  {
    "value": "MANTES LA JOLIE (78200)"
  },
  {
    "value": "MANTES LA VILLE (78711)"
  },
  {
    "value": "MARCILLAC-VALLON (12330)"
  },
  {
    "value": "MARCILLAC VALLON (12330)"
  },
  {
    "value": "MARCOUSSIS (91460)"
  },
  {
    "value": "MARCY L ETOILE (69280)"
  },
  {
    "value": "MARGUERITTES (30320)"
  },
  {
    "value": "MARIGNANE (13700)"
  },
  {
    "value": "MARIGNIER (74970)"
  },
  {
    "value": "MARLY LE ROI (78160)"
  },
  {
    "value": "MAROLLES EN BRIE (94440)"
  },
  {
    "value": "MARSEILLAN (34340)"
  },
  {
    "value": "MARSEILLE (13001)"
  },
  {
    "value": "MARSEILLE (13002)"
  },
  {
    "value": "MARSEILLE (13003)"
  },
  {
    "value": "MARSEILLE (13004)"
  },
  {
    "value": "MARSEILLE (13005)"
  },
  {
    "value": "MARSEILLE (13006)"
  },
  {
    "value": "MARSEILLE (13007)"
  },
  {
    "value": "MARSEILLE (13008)"
  },
  {
    "value": "MARSEILLE (13009)"
  },
  {
    "value": "MARSEILLE (13010)"
  },
  {
    "value": "MARSEILLE (13011)"
  },
  {
    "value": "MARSEILLE (13012)"
  },
  {
    "value": "MARSEILLE (13013)"
  },
  {
    "value": "MARSEILLE (13014)"
  },
  {
    "value": "MARSEILLE (13015)"
  },
  {
    "value": "MARSEILLE (13016)"
  },
  {
    "value": "MARSILLARGUES (34590)"
  },
  {
    "value": "MARTIGUES (13117)"
  },
  {
    "value": "MARTIGUES (13500)"
  },
  {
    "value": "MARVEJOLS (48100)"
  },
  {
    "value": "MASSY (91300)"
  },
  {
    "value": "MASSY (91746)"
  },
  {
    "value": "MAUGUIO (34130)"
  },
  {
    "value": "MAUGUIO (34280)"
  },
  {
    "value": "MAUREILHAN (34370)"
  },
  {
    "value": "MAUREPAS (78310)"
  },
  {
    "value": "MAUSSANE LES ALPILLES (13520)"
  },
  {
    "value": "MEAUX (77100)"
  },
  {
    "value": "MEGEVE (74120)"
  },
  {
    "value": "MELUN (77000)"
  },
  {
    "value": "MENDE (48000)"
  },
  {
    "value": "MENNECY (91540)"
  },
  {
    "value": "MERY SUR OISE (95540)"
  },
  {
    "value": "MESSIMY (69510)"
  },
  {
    "value": "MEUDON (92190)"
  },
  {
    "value": "MEUDON (92360)"
  },
  {
    "value": "MEULAN EN YVELINES (78250)"
  },
  {
    "value": "MEYLAN (38240)"
  },
  {
    "value": "MEYTHET (74960)"
  },
  {
    "value": "MEYZIEU (69330)"
  },
  {
    "value": "MEYZIEU (69881)"
  },
  {
    "value": "MEZE (34140)"
  },
  {
    "value": "MILHAUD (30540)"
  },
  {
    "value": "MILLAU (12100)"
  },
  {
    "value": "MILLY LA FORET (91490)"
  },
  {
    "value": "MIONS (69780)"
  },
  {
    "value": "MIRABEL AUX BARONNIES (26110)"
  },
  {
    "value": "MIRAMAS (13140)"
  },
  {
    "value": "MITRY MORY (77290)"
  },
  {
    "value": "MODANE (73500)"
  },
  {
    "value": "MOIRANS (38430)"
  },
  {
    "value": "MONDRAGON (84430)"
  },
  {
    "value": "MONTALIEU VERCIEU (38390)"
  },
  {
    "value": "MONTBONNOT ST MARTIN (38330)"
  },
  {
    "value": "MONTELIMAR (26200)"
  },
  {
    "value": "MONTEREAU FAULT YONNE (77130)"
  },
  {
    "value": "MONTEUX (84170)"
  },
  {
    "value": "MONTEVRAIN (77144)"
  },
  {
    "value": "MONTGERON (91230)"
  },
  {
    "value": "MONTIGNY LE BRETONNEUX (78180)"
  },
  {
    "value": "MONTIGNY LES CORMEILLES (95370)"
  },
  {
    "value": "MONTLHERY (91310)"
  },
  {
    "value": "MONTMAGNY (95360)"
  },
  {
    "value": "MONTMORENCY (95160)"
  },
  {
    "value": "MONTPELLIER (34000)"
  },
  {
    "value": "MONTPELLIER (34070)"
  },
  {
    "value": "MONTPELLIER (34080)"
  },
  {
    "value": "MONTPELLIER (34090)"
  },
  {
    "value": "MONTROUGE (92120)"
  },
  {
    "value": "MORANCE (69480)"
  },
  {
    "value": "MORANCEZ (28630)"
  },
  {
    "value": "MORANGIS (91420)"
  },
  {
    "value": "MORIERES LES AVIGNON (84310)"
  },
  {
    "value": "MORNANT (69440)"
  },
  {
    "value": "MORNAS (84550)"
  },
  {
    "value": "MORSANG SUR ORGE (91390)"
  },
  {
    "value": "MOUTIERS TARENTAISE (73600)"
  },
  {
    "value": "NAGES ET SOLORGUES (30114)"
  },
  {
    "value": "NAINVILLE LES ROCHES (91750)"
  },
  {
    "value": "NANCES (73470)"
  },
  {
    "value": "NANDY (77176)"
  },
  {
    "value": "NANGIS (77370)"
  },
  {
    "value": "NANGY (74380)"
  },
  {
    "value": "NANT (12230)"
  },
  {
    "value": "NANTERRE (92000)"
  },
  {
    "value": "NANTEUIL LES MEAUX (77100)"
  },
  {
    "value": "NARBONNE (11100)"
  },
  {
    "value": "NARBONNE PLAGE (11100)"
  },
  {
    "value": "NASBINALS (48260)"
  },
  {
    "value": "NAUCELLE (12800)"
  },
  {
    "value": "NAUSSAC (12700)"
  },
  {
    "value": "NAUSSAC (48300)"
  },
  {
    "value": "NAVACELLES (30580)"
  },
  {
    "value": "NEAUPHLE LE CHATEAU (78640)"
  },
  {
    "value": "NEAUPHLETTE (78980)"
  },
  {
    "value": "NEBIAN (34800)"
  },
  {
    "value": "NEFFIES (34320)"
  },
  {
    "value": "NEFIACH (66170)"
  },
  {
    "value": "NEMOURS (77140)"
  },
  {
    "value": "NERON (28210)"
  },
  {
    "value": "NERS (30360)"
  },
  {
    "value": "NESLES LA VALLEE (95690)"
  },
  {
    "value": "NEUILLY SUR SEINE (92200)"
  },
  {
    "value": "NEUVECELLE (74500)"
  },
  {
    "value": "NEUVILLE SUR OISE (95000)"
  },
  {
    "value": "NEUVILLE SUR SAONE (69250)"
  },
  {
    "value": "NEVIAN (11200)"
  },
  {
    "value": "NEZEL (78410)"
  },
  {
    "value": "NEZIGNAN L EVEQUE (34120)"
  },
  {
    "value": "NIMES (30000)"
  },
  {
    "value": "NIMES (30900)"
  },
  {
    "value": "NISSAN LEZ ENSERUNE (34440)"
  },
  {
    "value": "NIVOLAS VERMELLE (38300)"
  },
  {
    "value": "NOGENT LE PHAYE (28630)"
  },
  {
    "value": "NOGENT LE ROI (28210)"
  },
  {
    "value": "NOGENT LE ROTROU (28400)"
  },
  {
    "value": "NOGENT SUR MARNE (94130)"
  },
  {
    "value": "NOINTEL (95590)"
  },
  {
    "value": "NOISEAU (94880)"
  },
  {
    "value": "NOISIEL (77186)"
  },
  {
    "value": "NOISY LE ROI (78590)"
  },
  {
    "value": "NOISY SUR ECOLE (77123)"
  },
  {
    "value": "NOISY SUR OISE (95270)"
  },
  {
    "value": "NONGLARD (74330)"
  },
  {
    "value": "NONIERES (07160)"
  },
  {
    "value": "NOTRE DAME DE BELLECOMBE (73590)"
  },
  {
    "value": "NOTRE DAME DE COMMIERS (38450)"
  },
  {
    "value": "NOTRE DAME DE LONDRES (34380)"
  },
  {
    "value": "NOTRE DAME DES MILLIERES (73460)"
  },
  {
    "value": "NOTRE DAME DE VAULX (38144)"
  },
  {
    "value": "NOTTONVILLE (28140)"
  },
  {
    "value": "NOVALAISE (73470)"
  },
  {
    "value": "NOVES (13550)"
  },
  {
    "value": "NOYAREY (38360)"
  },
  {
    "value": "NOZAY (91620)"
  },
  {
    "value": "NUCOURT (95420)"
  },
  {
    "value": "NYONS (26110)"
  },
  {
    "value": "OCQUERRE (77440)"
  },
  {
    "value": "ODENAS (69460)"
  },
  {
    "value": "OINVILLE SUR MONTCIENT (78250)"
  },
  {
    "value": "OISSERY (77178)"
  },
  {
    "value": "OLARGUES (34390)"
  },
  {
    "value": "OLEMPS (12510)"
  },
  {
    "value": "OLLAINVILLE (91340)"
  },
  {
    "value": "OLLE (28120)"
  },
  {
    "value": "OLONZAC (34210)"
  },
  {
    "value": "ONCY SUR ECOLE (91490)"
  },
  {
    "value": "ONET LE CHATEAU (12850)"
  },
  {
    "value": "ONGLES (04230)"
  },
  {
    "value": "ONNION (74490)"
  },
  {
    "value": "OPPEDE (84580)"
  },
  {
    "value": "OPTEVOZ (38460)"
  },
  {
    "value": "ORAISON (04700)"
  },
  {
    "value": "ORANGE (84100)"
  },
  {
    "value": "ORCEMONT (78125)"
  },
  {
    "value": "ORCIERES (05170)"
  },
  {
    "value": "ORGERES EN BEAUCE (28140)"
  },
  {
    "value": "ORGERUS (78910)"
  },
  {
    "value": "ORGEVAL (78630)"
  },
  {
    "value": "ORGNAC L AVEN (07150)"
  },
  {
    "value": "ORGON (13660)"
  },
  {
    "value": "ORIOL EN ROYANS (26190)"
  },
  {
    "value": "ORLIENAS (69530)"
  },
  {
    "value": "ORLY (94310)"
  },
  {
    "value": "ORMESSON (77167)"
  },
  {
    "value": "ORMESSON SUR MARNE (94490)"
  },
  {
    "value": "ORMOY (91540)"
  },
  {
    "value": "ORMOY LA RIVIERE (91150)"
  },
  {
    "value": "ORNAISONS (11200)"
  },
  {
    "value": "ORPIERRE (05700)"
  },
  {
    "value": "ORSAN (30200)"
  },
  {
    "value": "ORSAY (91400)"
  },
  {
    "value": "ORTAFFA (66560)"
  },
  {
    "value": "OSNY (95520)"
  },
  {
    "value": "OSSEJA (66340)"
  },
  {
    "value": "OTHIS (77280)"
  },
  {
    "value": "OUARVILLE (28150)"
  },
  {
    "value": "OUERRE (28500)"
  },
  {
    "value": "OULINS (28260)"
  },
  {
    "value": "OULLINS (69600)"
  },
  {
    "value": "OUVEILLAN (11590)"
  },
  {
    "value": "OYEU (38690)"
  },
  {
    "value": "OYTIER ST OBLAS (38780)"
  },
  {
    "value": "OZOIR LA FERRIERE (77330)"
  },
  {
    "value": "OZOIR LE BREUIL (28200)"
  },
  {
    "value": "OZON (07370)"
  },
  {
    "value": "OZOUER LE VOULGIS (77390)"
  },
  {
    "value": "PALAISEAU (91120)"
  },
  {
    "value": "PALAJA (11570)"
  },
  {
    "value": "PALAU DEL VIDRE (66690)"
  },
  {
    "value": "PALAVAS LES FLOTS (34250)"
  },
  {
    "value": "PARAY VIEILLE POSTE (91550)"
  },
  {
    "value": "PARIS (75001)"
  },
  {
    "value": "PARIS (75002)"
  },
  {
    "value": "PARIS (75003)"
  },
  {
    "value": "PARIS (75004)"
  },
  {
    "value": "PARIS (75005)"
  },
  {
    "value": "PARIS (75006)"
  },
  {
    "value": "PARIS (75007)"
  },
  {
    "value": "PARIS (75008)"
  },
  {
    "value": "PARIS (75009)"
  },
  {
    "value": "PARIS (75010)"
  },
  {
    "value": "PARIS (75011)"
  },
  {
    "value": "PARIS (75012)"
  },
  {
    "value": "PARIS (75013)"
  },
  {
    "value": "PARIS (75014)"
  },
  {
    "value": "PARIS (75015)"
  },
  {
    "value": "PARIS (75016)"
  },
  {
    "value": "PARIS (75017)"
  },
  {
    "value": "PARIS (75018)"
  },
  {
    "value": "PARIS (75019)"
  },
  {
    "value": "PARIS (75020)"
  },
  {
    "value": "PARIS (75116)"
  },
  {
    "value": "PARIS (75272)"
  },
  {
    "value": "PARIS (75280)"
  },
  {
    "value": "PARIS (75367)"
  },
  {
    "value": "PARIS (75468)"
  },
  {
    "value": "PARIS (75544)"
  },
  {
    "value": "PARIS (75685)"
  },
  {
    "value": "PARIS (75838)"
  },
  {
    "value": "PARIS (92053)"
  },
  {
    "value": "PARIS (92060)"
  },
  {
    "value": "PARIS (92999)"
  },
  {
    "value": "PARMAIN (95620)"
  },
  {
    "value": "PASSINS (38510)"
  },
  {
    "value": "PASSY (74190)"
  },
  {
    "value": "PASSY (74480)"
  },
  {
    "value": "PAULHAN (34230)"
  },
  {
    "value": "PEAUGRES (07340)"
  },
  {
    "value": "PEILLONNEX (74250)"
  },
  {
    "value": "PEIPIN (04200)"
  },
  {
    "value": "PELISSANNE (13330)"
  },
  {
    "value": "PERET (34800)"
  },
  {
    "value": "PERNES LES FONTAINES (84210)"
  },
  {
    "value": "PEROLS (34470)"
  },
  {
    "value": "PERPIGNAN (66000)"
  },
  {
    "value": "PERPIGNAN (66100)"
  },
  {
    "value": "PERRIGNIER (74550)"
  },
  {
    "value": "PERSAN (95340)"
  },
  {
    "value": "PERS JUSSY (74930)"
  },
  {
    "value": "PERTUIS (84120)"
  },
  {
    "value": "PEYNIER (13790)"
  },
  {
    "value": "PEYPIN (13124)"
  },
  {
    "value": "PEYRIAC MINERVOIS (11160)"
  },
  {
    "value": "PEYRINS (26380)"
  },
  {
    "value": "PEYROLLES EN PROVENCE (13860)"
  },
  {
    "value": "PEYRUIS (04310)"
  },
  {
    "value": "PEZENAS (34120)"
  },
  {
    "value": "PEZENS (11170)"
  },
  {
    "value": "PEZILLA LA RIVIERE (66370)"
  },
  {
    "value": "PIA (66380)"
  },
  {
    "value": "PIEGROS LA CLASTRE (26400)"
  },
  {
    "value": "PIERRE BENITE (69310)"
  },
  {
    "value": "PIERRELATTE (26700)"
  },
  {
    "value": "PIERRELAYE (95220)"
  },
  {
    "value": "PIERRELAYE (95480)"
  },
  {
    "value": "PIERRES (28130)"
  },
  {
    "value": "PIERREVERT (04860)"
  },
  {
    "value": "PIGNAN (34570)"
  },
  {
    "value": "PIOLENC (84420)"
  },
  {
    "value": "PLAISIR (78370)"
  },
  {
    "value": "PLAN DE CUQUES (13380)"
  },
  {
    "value": "POISSY (78300)"
  },
  {
    "value": "POISY (74330)"
  },
  {
    "value": "POMMIERS (69480)"
  },
  {
    "value": "PONTAULT COMBAULT (77340)"
  },
  {
    "value": "PONTCHARRA (38530)"
  },
  {
    "value": "PONTCHARRA SUR TURDINE (69490)"
  },
  {
    "value": "PONT DE CHERUY (38230)"
  },
  {
    "value": "PONT EVEQUE (38780)"
  },
  {
    "value": "PONTOISE (95300)"
  },
  {
    "value": "PONT ST ESPRIT (30130)"
  },
  {
    "value": "PORCHEVILLE (78440)"
  },
  {
    "value": "PORT DE BOUC (13110)"
  },
  {
    "value": "PORTES LES VALENCE (26800)"
  },
  {
    "value": "PORT LA NOUVELLE (11210)"
  },
  {
    "value": "PORT ST LOUIS DU RHONE (13230)"
  },
  {
    "value": "POUSSAN (34560)"
  },
  {
    "value": "PRADES (66500)"
  },
  {
    "value": "PRADES LE LEZ (34730)"
  },
  {
    "value": "PRINGY (74370)"
  },
  {
    "value": "PRINGY (77310)"
  },
  {
    "value": "PRIVAS (07000)"
  },
  {
    "value": "PROVINS (77160)"
  },
  {
    "value": "PUBLIER (74500)"
  },
  {
    "value": "PUSIGNAN (69330)"
  },
  {
    "value": "PUTEAUX (92800)"
  },
  {
    "value": "QUARANTE (34310)"
  },
  {
    "value": "QUEIGE (73720)"
  },
  {
    "value": "QUIERS (77720)"
  },
  {
    "value": "QUILLAN (11500)"
  },
  {
    "value": "QUINCIE EN BEAUJOLAIS (69430)"
  },
  {
    "value": "QUINCIEUX (69650)"
  },
  {
    "value": "QUINCY SOUS SENART (91480)"
  },
  {
    "value": "QUINCY VOISINS (77860)"
  },
  {
    "value": "QUINS (12800)"
  },
  {
    "value": "QUINSON (04500)"
  },
  {
    "value": "QUINTAL (74600)"
  },
  {
    "value": "QUINTENAS (07290)"
  },
  {
    "value": "QUISSAC (30260)"
  },
  {
    "value": "RAMBAUD (05000)"
  },
  {
    "value": "RAMBOUILLET (78120)"
  },
  {
    "value": "RASIGUERES (66720)"
  },
  {
    "value": "RASTEAU (84110)"
  },
  {
    "value": "REBAIS (77510)"
  },
  {
    "value": "REDESSAN (30129)"
  },
  {
    "value": "REGNIE DURETTE (69430)"
  },
  {
    "value": "REIGNIER ESERY (74930)"
  },
  {
    "value": "REILLANNE (04110)"
  },
  {
    "value": "REMOLLON (05190)"
  },
  {
    "value": "REMOULINS (30210)"
  },
  {
    "value": "RENAGE (38140)"
  },
  {
    "value": "RENCUREL (38680)"
  },
  {
    "value": "REQUISTA (12170)"
  },
  {
    "value": "RESTINCLIERES (34160)"
  },
  {
    "value": "REUIL EN BRIE (77260)"
  },
  {
    "value": "REVEL (38420)"
  },
  {
    "value": "REVEL TOURDAN (38270)"
  },
  {
    "value": "REVENTIN VAUGRIS (38121)"
  },
  {
    "value": "REYNES (66400)"
  },
  {
    "value": "REYVROZ (74200)"
  },
  {
    "value": "RIA SIRACH (66500)"
  },
  {
    "value": "RIBAUTE LES TAVERNES (30720)"
  },
  {
    "value": "RIBIERS (05300)"
  },
  {
    "value": "RICAUD (11400)"
  },
  {
    "value": "RICHEBOURG (78550)"
  },
  {
    "value": "RICHERENCHES (84600)"
  },
  {
    "value": "RIEUPEYROUX (12240)"
  },
  {
    "value": "RIEUX MINERVOIS (11160)"
  },
  {
    "value": "RIEZ (04500)"
  },
  {
    "value": "RIGNAC (12390)"
  },
  {
    "value": "RILLIEUX LA PAPE (69140)"
  },
  {
    "value": "RIOLS (34220)"
  },
  {
    "value": "RIS ORANGIS (91130)"
  },
  {
    "value": "RISOUL (05600)"
  },
  {
    "value": "RIVESALTES (66600)"
  },
  {
    "value": "RIVES SUR FURE (38140)"
  },
  {
    "value": "RIVIERE SUR TARN (12640)"
  },
  {
    "value": "ROAIX (84110)"
  },
  {
    "value": "ROBION (84440)"
  },
  {
    "value": "ROCHE (38090)"
  },
  {
    "value": "ROCHECHINARD (26190)"
  },
  {
    "value": "ROCHEFORT DU GARD (30650)"
  },
  {
    "value": "ROCHEFORT EN VALDAINE (26160)"
  },
  {
    "value": "ROCHEFORT EN YVELINES (78730)"
  },
  {
    "value": "ROCHEGUDE (26790)"
  },
  {
    "value": "ROCHEMAURE (07400)"
  },
  {
    "value": "ROCHESSAUVE (07210)"
  },
  {
    "value": "ROCHETAILLEE SUR SAONE (69270)"
  },
  {
    "value": "ROCHETOIRIN (38110)"
  },
  {
    "value": "ROCQUENCOURT (78150)"
  },
  {
    "value": "RODEZ (12000)"
  },
  {
    "value": "RODILHAN (30230)"
  },
  {
    "value": "ROGNAC (13340)"
  },
  {
    "value": "ROGNAIX (73730)"
  },
  {
    "value": "ROGNES (13840)"
  },
  {
    "value": "ROGNONAS (13870)"
  },
  {
    "value": "ROIFFIEUX (07100)"
  },
  {
    "value": "ROINVILLE (91410)"
  },
  {
    "value": "ROISSARD (38650)"
  },
  {
    "value": "ROISSY EN BRIE (77680)"
  },
  {
    "value": "ROISSY EN FRANCE (95700)"
  },
  {
    "value": "ROMAGNIEU (38480)"
  },
  {
    "value": "ROMANS SUR ISERE (26100)"
  },
  {
    "value": "ROMPON (07250)"
  },
  {
    "value": "RONQUEROLLES (95340)"
  },
  {
    "value": "RONTALON (69510)"
  },
  {
    "value": "ROQUEBRUN (34460)"
  },
  {
    "value": "ROQUEFORT DES CORBIERES (11540)"
  },
  {
    "value": "ROQUEFORT LA BEDOULE (13830)"
  },
  {
    "value": "ROQUEFORT SUR SOULZON (12250)"
  },
  {
    "value": "ROQUEMAURE (30150)"
  },
  {
    "value": "ROQUEVAIRE (13360)"
  },
  {
    "value": "ROSAY (78790)"
  },
  {
    "value": "ROSIERES (07260)"
  },
  {
    "value": "ROSNY SUR SEINE (78710)"
  },
  {
    "value": "ROUBIA (11200)"
  },
  {
    "value": "ROUJAN (34320)"
  },
  {
    "value": "ROUMOULES (04500)"
  },
  {
    "value": "ROUSSENNAC (12220)"
  },
  {
    "value": "ROUSSET (05190)"
  },
  {
    "value": "ROUSSET (13106)"
  },
  {
    "value": "ROUSSET (13790)"
  },
  {
    "value": "ROUSSILLON (38150)"
  },
  {
    "value": "ROUSSILLON (84220)"
  },
  {
    "value": "ROUSSON (30340)"
  },
  {
    "value": "ROUVRES (28260)"
  },
  {
    "value": "ROVON (38470)"
  },
  {
    "value": "ROYBON (38940)"
  },
  {
    "value": "ROZAY EN BRIE (77540)"
  },
  {
    "value": "RUBELLES (77950)"
  },
  {
    "value": "RUEIL MALMAISON (92500)"
  },
  {
    "value": "RUEIL MALMAISON  (92500)"
  },
  {
    "value": "RUMILLY (74150)"
  },
  {
    "value": "RUNGIS (94150)"
  },
  {
    "value": "RUNGIS (94566)"
  },
  {
    "value": "RUOMS (07120)"
  },
  {
    "value": "RUPEREUX (77560)"
  },
  {
    "value": "RUSTIQUES (11800)"
  },
  {
    "value": "RUY (38300)"
  },
  {
    "value": "SAINTES MARIES DE LA MER (13460)"
  },
  {
    "value": "SALAISE SUR SANNE (38150)"
  },
  {
    "value": "SALEILLES (66280)"
  },
  {
    "value": "SALINDRES (30340)"
  },
  {
    "value": "SALLANCHES (74700)"
  },
  {
    "value": "SALLES D AUDE (11110)"
  },
  {
    "value": "SALON DE PROVENCE (13300)"
  },
  {
    "value": "SANNOIS (95110)"
  },
  {
    "value": "SARCELLES (95200)"
  },
  {
    "value": "SARRIANS (84260)"
  },
  {
    "value": "SARTROUVILLE (78500)"
  },
  {
    "value": "SASSENAGE (38360)"
  },
  {
    "value": "SATHONAY CAMP (69580)"
  },
  {
    "value": "SATOLAS ET BONCE (38290)"
  },
  {
    "value": "SAVIGNY LE TEMPLE (77176)"
  },
  {
    "value": "SAVIGNY SUR ORGE (91600)"
  },
  {
    "value": "SCEAUX (92330)"
  },
  {
    "value": "SCIEZ (74140)"
  },
  {
    "value": "SCIONZIER (74950)"
  },
  {
    "value": "SERIGNAN (34410)"
  },
  {
    "value": "SERRES (05700)"
  },
  {
    "value": "SERRIERES (07340)"
  },
  {
    "value": "SERRIS (77700)"
  },
  {
    "value": "SETE (34200)"
  },
  {
    "value": "SEVERAC LE CHATEAU (12150)"
  },
  {
    "value": "SEVRES (92310)"
  },
  {
    "value": "SEYNOD (74600)"
  },
  {
    "value": "SEYNOD (74601)"
  },
  {
    "value": "SEYSSINET PARISET (38170)"
  },
  {
    "value": "SEYSSINS (38180)"
  },
  {
    "value": "SIGEAN (11130)"
  },
  {
    "value": "SISTERON (04200)"
  },
  {
    "value": "SOISY SOUS MONTMORENCY (95230)"
  },
  {
    "value": "SOISY SUR SEINE (91450)"
  },
  {
    "value": "SOLAIZE (69360)"
  },
  {
    "value": "SORGUES (84700)"
  },
  {
    "value": "ST AFFRIQUE (12400)"
  },
  {
    "value": "ST AMBROIX (30500)"
  },
  {
    "value": "ST ARNOULT EN YVELINES (78730)"
  },
  {
    "value": "ST BONNET DE MURE (69720)"
  },
  {
    "value": "ST BRICE SOUS FORET (95350)"
  },
  {
    "value": "ST CHERON (91530)"
  },
  {
    "value": "ST CHRISTOL LES ALES (30380)"
  },
  {
    "value": "ST CLOUD (92210)"
  },
  {
    "value": "ST CYPRIEN (66750)"
  },
  {
    "value": "ST CYR L ECOLE (78210)"
  },
  {
    "value": "STE FOY LES LYON (69110)"
  },
  {
    "value": "STE GENEVIEVE DES BOIS (91700)"
  },
  {
    "value": "ST EGREVE (38120)"
  },
  {
    "value": "ST ESTEVE (66240)"
  },
  {
    "value": "ST FARGEAU PONTHIERRY (77310)"
  },
  {
    "value": "ST FONS (69190)"
  },
  {
    "value": "ST FONS (69195)"
  },
  {
    "value": "ST GELY DU FESC (34980)"
  },
  {
    "value": "ST GENIS LAVAL (69230)"
  },
  {
    "value": "ST GENIS LES OLLIERES (69290)"
  },
  {
    "value": "ST GERMAIN EN LAYE (78100)"
  },
  {
    "value": "ST GILLES (30800)"
  },
  {
    "value": "ST GRATIEN (95210)"
  },
  {
    "value": "ST HIPPOLYTE DU FORT (30170)"
  },
  {
    "value": "ST JEAN DE BOURNAY (38440)"
  },
  {
    "value": "ST JEAN DE MAURIENNE (73300)"
  },
  {
    "value": "ST JEAN DE VEDAS (34430)"
  },
  {
    "value": "ST JEAN EN ROYANS (26190)"
  },
  {
    "value": "ST JULIEN EN GENEVOIS (74160)"
  },
  {
    "value": "ST LAURENT D AIGOUZE (30220)"
  },
  {
    "value": "ST LAURENT DE LA SALANQUE (66250)"
  },
  {
    "value": "ST LAURENT DE MURE (69720)"
  },
  {
    "value": "ST LAURENT DU PONT (38380)"
  },
  {
    "value": "ST LEU LA FORET (95320)"
  },
  {
    "value": "ST MANDE (94160)"
  },
  {
    "value": "ST MARCELLIN (38160)"
  },
  {
    "value": "ST MARD (77230)"
  },
  {
    "value": "ST MARTIN DE CRAU (13310)"
  },
  {
    "value": "ST MARTIN D HERES (38400)"
  },
  {
    "value": "ST MAUR DES FOSSES (94100)"
  },
  {
    "value": "ST MAUR DES FOSSES (94210)"
  },
  {
    "value": "ST MICHEL SUR ORGE (91240)"
  },
  {
    "value": "ST OUEN L AUMONE (95310)"
  },
  {
    "value": "ST PAUL TROIS CHATEAUX (26130)"
  },
  {
    "value": "ST PERAY (07130)"
  },
  {
    "value": "ST PIERRE DE CHANDIEU (69780)"
  },
  {
    "value": "ST PIERRE DU PERRAY (91280)"
  },
  {
    "value": "ST PIERRE EN FAUCIGNY (74800)"
  },
  {
    "value": "ST PRIEST (07000)"
  },
  {
    "value": "ST PRIEST (69800)"
  },
  {
    "value": "ST PRIEST (69803)"
  },
  {
    "value": "ST PRIVAT DES VIEUX (30340)"
  },
  {
    "value": "ST RAMBERT D ALBON (26140)"
  },
  {
    "value": "ST REMY DE PROVENCE (13210)"
  },
  {
    "value": "ST REMY LES CHEVREUSE (78470)"
  },
  {
    "value": "ST SATURNIN LES APT (84490)"
  },
  {
    "value": "ST SATURNIN LES AVIGNON (84450)"
  },
  {
    "value": "ST SYMPHORIEN D OZON (69360)"
  },
  {
    "value": "ST SYMPHORIEN SUR COISE (69590)"
  },
  {
    "value": "ST VICTORET (13730)"
  },
  {
    "value": "SUCY EN BRIE (94370)"
  },
  {
    "value": "SURESNES (92150)"
  },
  {
    "value": "SÈTE (34200)"
  },
  {
    "value": "SÉRIGNAN (34410)"
  },
  {
    "value": "TACOIGNIERES (78910)"
  },
  {
    "value": "TAILLADES (84300)"
  },
  {
    "value": "TAIN L HERMITAGE (26600)"
  },
  {
    "value": "TALAIRAN (11220)"
  },
  {
    "value": "TALENCIEUX (07340)"
  },
  {
    "value": "TALLARD (05130)"
  },
  {
    "value": "TALLOIRES (74290)"
  },
  {
    "value": "TALLOIRES MONTMIN (74210)"
  },
  {
    "value": "TALUYERS (69440)"
  },
  {
    "value": "TANINGES (74440)"
  },
  {
    "value": "TAPONAS (69220)"
  },
  {
    "value": "TARARE (69170)"
  },
  {
    "value": "TARASCON (13150)"
  },
  {
    "value": "TARERACH (66320)"
  },
  {
    "value": "TASSIN LA DEMI LUNE (69160)"
  },
  {
    "value": "TAULIGNAN (26770)"
  },
  {
    "value": "TAURIAC DE NAUCELLE (12800)"
  },
  {
    "value": "TAUTAVEL (66720)"
  },
  {
    "value": "TAVEL (30126)"
  },
  {
    "value": "TAVERNY (95150)"
  },
  {
    "value": "TENCIN (38570)"
  },
  {
    "value": "TERMINIERS (28140)"
  },
  {
    "value": "TERNAND (69620)"
  },
  {
    "value": "TERNAY (69360)"
  },
  {
    "value": "TESSANCOURT SUR AUBETTE (78250)"
  },
  {
    "value": "TEYRAN (34820)"
  },
  {
    "value": "THEIZE (69620)"
  },
  {
    "value": "THEMERICOURT (95450)"
  },
  {
    "value": "THERONDELS (12600)"
  },
  {
    "value": "THEZA (66200)"
  },
  {
    "value": "THEZAN DES CORBIERES (11200)"
  },
  {
    "value": "THEZAN LES BEZIERS (34490)"
  },
  {
    "value": "THEZAN LES BEZIERS  (34490)"
  },
  {
    "value": "THIAIS (94320)"
  },
  {
    "value": "THIAIS (94561)"
  },
  {
    "value": "THIAIS (94651)"
  },
  {
    "value": "THIRON GARDAIS (28480)"
  },
  {
    "value": "THIVARS (28630)"
  },
  {
    "value": "THIVERVAL GRIGNON (78850)"
  },
  {
    "value": "THIVILLE (28200)"
  },
  {
    "value": "THIZY (69240)"
  },
  {
    "value": "THIZY LES BOURGS (69240)"
  },
  {
    "value": "THODURE (38260)"
  },
  {
    "value": "THOIRY (78770)"
  },
  {
    "value": "THOLLON LES MEMISES (74500)"
  },
  {
    "value": "THONES (74230)"
  },
  {
    "value": "THONON LES BAINS (74200)"
  },
  {
    "value": "THORENS GLIERES (74570)"
  },
  {
    "value": "THORIGNY SUR MARNE (77400)"
  },
  {
    "value": "THOURY FEROTTES (77940)"
  },
  {
    "value": "THUEYTS (07330)"
  },
  {
    "value": "THUIR (66300)"
  },
  {
    "value": "THURINS (69510)"
  },
  {
    "value": "THUSY (74150)"
  },
  {
    "value": "THYEZ (74300)"
  },
  {
    "value": "TIGERY (91250)"
  },
  {
    "value": "TIGNES (73320)"
  },
  {
    "value": "TIGNIEU JAMEYZIEU (38230)"
  },
  {
    "value": "TORCY (77200)"
  },
  {
    "value": "TORFOU (91730)"
  },
  {
    "value": "TORNAC (30140)"
  },
  {
    "value": "TORREILLES (66440)"
  },
  {
    "value": "TOULAUD (07130)"
  },
  {
    "value": "TOULONJAC (12200)"
  },
  {
    "value": "TOULOUGES (66350)"
  },
  {
    "value": "TOUQUIN (77131)"
  },
  {
    "value": "TOURBES (34120)"
  },
  {
    "value": "TOURNAN EN BRIE (77220)"
  },
  {
    "value": "TOURNON SUR RHONE (07300)"
  },
  {
    "value": "TOURS EN SAVOIE (73790)"
  },
  {
    "value": "TOURY (28310)"
  },
  {
    "value": "TOUSSIEU (69780)"
  },
  {
    "value": "TRAPPES (78190)"
  },
  {
    "value": "TRAUSSE (11160)"
  },
  {
    "value": "TREBES (11800)"
  },
  {
    "value": "TREMBLAY LES VILLAGES (28170)"
  },
  {
    "value": "TREMOUILLES (12290)"
  },
  {
    "value": "TREON (28500)"
  },
  {
    "value": "TREPT (38460)"
  },
  {
    "value": "TRESCLEOUX (05700)"
  },
  {
    "value": "TRESQUES (30330)"
  },
  {
    "value": "TRESSERRE (66300)"
  },
  {
    "value": "TRESSERVE (73100)"
  },
  {
    "value": "TRETS (13530)"
  },
  {
    "value": "TREUZY (77710)"
  },
  {
    "value": "TREUZY LEVELAY (77710)"
  },
  {
    "value": "TREVES (69420)"
  },
  {
    "value": "TREVIGNIN (73100)"
  },
  {
    "value": "TRIEL SUR SEINE (78510)"
  },
  {
    "value": "TRILBARDOU (77450)"
  },
  {
    "value": "TRILPORT (77470)"
  },
  {
    "value": "TRIZAY COUTRETOT ST SERGE (28400)"
  },
  {
    "value": "TROCY EN MULTIEN (77440)"
  },
  {
    "value": "TROUILLAS (66300)"
  },
  {
    "value": "TUCHAN (11350)"
  },
  {
    "value": "TULETTE (26790)"
  },
  {
    "value": "TULLINS (38210)"
  },
  {
    "value": "UCEL (07200)"
  },
  {
    "value": "UCHAUD (30620)"
  },
  {
    "value": "UCHAUX (84100)"
  },
  {
    "value": "UGINE (73400)"
  },
  {
    "value": "UNVERRE (28160)"
  },
  {
    "value": "UPAIX (05300)"
  },
  {
    "value": "UPIE (26120)"
  },
  {
    "value": "URY (77760)"
  },
  {
    "value": "US (95450)"
  },
  {
    "value": "USCLAS D HERAULT (34230)"
  },
  {
    "value": "USSY SUR MARNE (77260)"
  },
  {
    "value": "UVERNET FOURS (04400)"
  },
  {
    "value": "UZER (07110)"
  },
  {
    "value": "UZES (30700)"
  },
  {
    "value": "VACQUEYRAS (84190)"
  },
  {
    "value": "VAILHAUQUES (34570)"
  },
  {
    "value": "VAIRES SUR MARNE (77360)"
  },
  {
    "value": "VAISON LA ROMAINE (84110)"
  },
  {
    "value": "VALAURIE (26230)"
  },
  {
    "value": "VAL D ISERE (73150)"
  },
  {
    "value": "VALENCE (26000)"
  },
  {
    "value": "VALENCIN (38540)"
  },
  {
    "value": "VALENSOLE (04210)"
  },
  {
    "value": "VALENTON (94460)"
  },
  {
    "value": "VALERGUES (34130)"
  },
  {
    "value": "VALLEIRY (74520)"
  },
  {
    "value": "VALLIERES (74150)"
  },
  {
    "value": "VALLOIRE (73450)"
  },
  {
    "value": "VALLON PONT D ARC (07150)"
  },
  {
    "value": "VALRAS PLAGE (34350)"
  },
  {
    "value": "VALREAS (84600)"
  },
  {
    "value": "VALS LES BAINS (07600)"
  },
  {
    "value": "VALVIGNERES (07400)"
  },
  {
    "value": "VANVES (92170)"
  },
  {
    "value": "VARCES ALLIERES ET RISSET (38760)"
  },
  {
    "value": "VARENNES JARCY (91480)"
  },
  {
    "value": "VARENNES SUR SEINE (77130)"
  },
  {
    "value": "VAUCRESSON (92420)"
  },
  {
    "value": "VAULX EN VELIN (69120)"
  },
  {
    "value": "VAULX MILIEU (38090)"
  },
  {
    "value": "VAUREAL (95490)"
  },
  {
    "value": "VAUVERT (30600)"
  },
  {
    "value": "VAUX LE PENIL (77000)"
  },
  {
    "value": "VAUX SUR SEINE (78740)"
  },
  {
    "value": "VEDENE (84270)"
  },
  {
    "value": "VEIGY FONCENEX (74140)"
  },
  {
    "value": "VELAUX (13880)"
  },
  {
    "value": "VELIZY VILLACOUBLAY (78140)"
  },
  {
    "value": "VELLERON (84740)"
  },
  {
    "value": "VENDRES (34350)"
  },
  {
    "value": "VENELLES (13770)"
  },
  {
    "value": "VENEUX LES SABLONS (77250)"
  },
  {
    "value": "VENISSIEUX (69200)"
  },
  {
    "value": "VERGEZE (30310)"
  },
  {
    "value": "VERNAISON (69390)"
  },
  {
    "value": "VERNEUIL SUR SEINE (78480)"
  },
  {
    "value": "VERNOSC LES ANNONAY (07430)"
  },
  {
    "value": "VERNOUILLET (28500)"
  },
  {
    "value": "VERNOUILLET (78540)"
  },
  {
    "value": "VERRIERES LE BUISSON (91370)"
  },
  {
    "value": "VERSAILLES (78000)"
  },
  {
    "value": "VERT ST DENIS (77240)"
  },
  {
    "value": "VEYNES (05400)"
  },
  {
    "value": "VIARMES (95270)"
  },
  {
    "value": "VIAS (34450)"
  },
  {
    "value": "VIENNE (38200)"
  },
  {
    "value": "VIF (38450)"
  },
  {
    "value": "VIGNEUX SUR SEINE (91270)"
  },
  {
    "value": "VILLABE (91100)"
  },
  {
    "value": "VILLARD BONNOT (38190)"
  },
  {
    "value": "VILLARD DE LANS (38250)"
  },
  {
    "value": "VILLAZ (74370)"
  },
  {
    "value": "VILLEBON SUR YVETTE (91140)"
  },
  {
    "value": "VILLECRESNES (94440)"
  },
  {
    "value": "VILLE D AVRAY (92410)"
  },
  {
    "value": "VILLEFONTAINE (38090)"
  },
  {
    "value": "VILLEFRANCHE DE ROUERGUE (12200)"
  },
  {
    "value": "VILLEFRANCHE SUR SAONE (69400)"
  },
  {
    "value": "VILLEJUIF (94800)"
  },
  {
    "value": "VILLEJUIF (94814)"
  },
  {
    "value": "VILLEJUST (91140)"
  },
  {
    "value": "VILLELAURE (84530)"
  },
  {
    "value": "VILLELONGUE DE LA SALANQUE (66410)"
  },
  {
    "value": "VILLEMOISSON SUR ORGE (91360)"
  },
  {
    "value": "VILLENEUVE (04180)"
  },
  {
    "value": "VILLENEUVE (12260)"
  },
  {
    "value": "VILLENEUVE DE LA RAHO (66180)"
  },
  {
    "value": "VILLENEUVE LA GARENNE (92390)"
  },
  {
    "value": "VILLENEUVE LE ROI (94290)"
  },
  {
    "value": "VILLENEUVE LES AVIGNON (30400)"
  },
  {
    "value": "VILLENEUVE LES BEZIERS (34420)"
  },
  {
    "value": "VILLENEUVE LES MAGUELONE (34750)"
  },
  {
    "value": "VILLENEUVE ST GEORGES (94190)"
  },
  {
    "value": "VILLEPARISIS (77270)"
  },
  {
    "value": "VILLEPREUX (78450)"
  },
  {
    "value": "VILLETTE D ANTHON (38280)"
  },
  {
    "value": "VILLEURBANNE (69100)"
  },
  {
    "value": "VILLEVOCANCE (07690)"
  },
  {
    "value": "VILLIERS LE BEL (95400)"
  },
  {
    "value": "VILLIERS SUR MARNE (94350)"
  },
  {
    "value": "VINAY (38470)"
  },
  {
    "value": "VINCENNES (94300)"
  },
  {
    "value": "VIROFLAY (78220)"
  },
  {
    "value": "VIRY CHATILLON (91170)"
  },
  {
    "value": "VITROLLES (13127)"
  },
  {
    "value": "VITRY SUR SEINE (94400)"
  },
  {
    "value": "VIVIERS (07220)"
  },
  {
    "value": "VIZILLE (38220)"
  },
  {
    "value": "VOGUE (07200)"
  },
  {
    "value": "VOIRON (38500)"
  },
  {
    "value": "VOISINS LE BRETONNEUX (78960)"
  },
  {
    "value": "VOLX (04130)"
  },
  {
    "value": "VOREPPE (38340)"
  },
  {
    "value": "VULBENS (74520)"
  },
 {
    "value": "WISSOUS (91320)"
  },
  {
    "value": "YENNE (73170)"
  },
  {
    "value": "YERMENONVILLE (28130)"
  },
  {
    "value": "YERRES (91330)"
  },
  {
    "value": "YEVRES (28160)"
  },
  {
    "value": "YMERAY (28320)"
  },
  {
    "value": "YMONVILLE (28150)"
  },
  {
    "value": "YVOIRE (74140)"
  },
  {
    "value": "YZERON (69510)"
  }
  ]}